Project_Nr,comments,withdrawn_comments,Link,source_laptop,reward_comment_xml,filename,filesize,bolScrapeAgain,downloaded,error_description,withdrawn_comments_new
1453507669,40,0,"https://www.kickstarter.com/projects/1453507669/europes-first-gender-neutral-community-dance-studi?ref=discovery_category_popular
",,,comment_1453507669.xml,13909.0,True,False,,
1875675884,34,0,"https://www.kickstarter.com/projects/1875675884/dungeons-and-dancers-an-epic-belly-dance-adventure?ref=discovery_category_popular
",,,comment_1875675884.xml,37.0,True,False,,
64407236,25,0,"https://www.kickstarter.com/projects/64407236/kung-flow-download-legendary-lightsaber-skills?ref=discovery_category_popular
",,,comment_64407236.xml,37.0,True,False,,
londonburlesquefest_0,16,0,"https://www.kickstarter.com/projects/londonburlesquefest/2020-london-burlesque-festival-online-edition?ref=discovery_category_popular
",,,comment_londonburlesquefest_0.xml,37.0,True,False,,
363821638,13,0,"https://www.kickstarter.com/projects/363821638/move-the-muse-brooklyn-circus?ref=discovery_category_popular
",,,comment_363821638.xml,37.0,True,False,,
671037979,12,0,"https://www.kickstarter.com/projects/671037979/expand-the-dollhouse-a-space-for-art-dance-and-cul?ref=discovery_category_popular
",,,comment_671037979.xml,37.0,True,False,,
flyingcurves2014,10,0,"https://www.kickstarter.com/projects/flyingcurves2014/flying-curves-pole-dance-studio-goddesses-empowere?ref=discovery_category_popular
",,,comment_flyingcurves2014.xml,37.0,True,False,,
1402096295,9,0,"https://www.kickstarter.com/projects/1402096295/mmdc-and-project-44-wearemakingashow?ref=discovery_category_popular
",,,comment_1402096295.xml,37.0,True,False,,
marthagraham,9,0,"https://www.kickstarter.com/projects/marthagraham/lamentation-variations?ref=discovery_category_popular
",,,comment_marthagraham.xml,37.0,True,False,,
515985446,8,0,"https://www.kickstarter.com/projects/515985446/the-history-of-black-dance-in-america-0?ref=discovery_category_popular
",,,comment_515985446.xml,37.0,True,False,,
2134253353,8,0,"https://www.kickstarter.com/projects/2134253353/mindfluctuations-world-premiere-by-mwdcco?ref=discovery_category_popular
",,,comment_2134253353.xml,37.0,True,False,,
heididuckler,8,0,"https://www.kickstarter.com/projects/heididuckler/heidi-duckler-dance-theater-presents-sia-kara?ref=discovery_category_popular
",,,comment_heididuckler.xml,37.0,True,False,,
1698764507,7,0,"https://www.kickstarter.com/projects/1698764507/it-is-time-to-introduce-ava-dance-company-to-the-w?ref=discovery_category_popular
",,,comment_1698764507.xml,37.0,True,False,,
1484509067,7,0,"https://www.kickstarter.com/projects/1484509067/finally-a-vodca-family-dvd?ref=discovery_category_popular
",,,comment_1484509067.xml,37.0,True,False,,
1842694941,6,0,"https://www.kickstarter.com/projects/247231702/two-generations-of-russian-ballet-stars-in-gala-us?ref=discovery_category_popular
",guest,False,comment_1842694941.xml,37.0,True,False,,
334878669,6,0,"https://www.kickstarter.com/projects/334878669/bringing-grace-power-and-play-to-syrian-refugee-yo?ref=discovery_category_popular
",,,comment_334878669.xml,37.0,True,False,,
ontheboards,6,0,"https://www.kickstarter.com/projects/ontheboards/60-performances-57-artists-one-channel-ontheboards?ref=discovery_category_popular
",,,comment_ontheboards.xml,37.0,True,False,,
johannaxenobia,6,0,"https://www.kickstarter.com/projects/johannaxenobia/bathroom-for-belly-dancers-studio-space-and-more?ref=discovery_category_popular
",,,comment_johannaxenobia.xml,37.0,True,False,,
1228823511,6,0,"https://www.kickstarter.com/projects/1228823511/aeroskools-national-championship-lets-get-them-the?ref=discovery_category_popular
",,,comment_1228823511.xml,37.0,True,False,,
875685665,6,0,"https://www.kickstarter.com/projects/875685665/work-that-skirt-ats-style-dvd?ref=discovery_category_popular
",,,comment_875685665.xml,37.0,True,False,,
423485426,6,0,"https://www.kickstarter.com/projects/423485426/skn-a-multi-faceted-performance-about-human-traffi?ref=discovery_category_popular
",,,comment_423485426.xml,37.0,True,False,,
adm21,6,0,"https://www.kickstarter.com/projects/adm21/save-a-dance?ref=discovery_category_popular
",,,comment_adm21.xml,37.0,True,False,,
stewartowendance,5,0,"https://www.kickstarter.com/projects/stewartowendance/stewart-owen-dance-on-the-road?ref=discovery_category_popular
",,,comment_stewartowendance.xml,37.0,True,False,,
1064682253,5,0,"https://www.kickstarter.com/projects/1064682253/help-the-puzzle-league-open-a-dance-studio?ref=discovery_category_popular
",,,comment_1064682253.xml,37.0,True,False,,
1407600910,5,0,"https://www.kickstarter.com/projects/1407600910/azonto-festival-raising-hiv-awareness-through-danc?ref=discovery_category_popular
",,,comment_1407600910.xml,37.0,True,False,,
742133024,5,0,"https://www.kickstarter.com/projects/742133024/devaneio?ref=discovery_category_popular
",,,comment_742133024.xml,37.0,True,False,,
londonburlesquefest,5,0,"https://www.kickstarter.com/projects/londonburlesquefest/help-london-burlesque-festival-survive?ref=discovery_category_popular
",,,comment_londonburlesquefest.xml,37.0,True,False,,
481340340,5,0,"https://www.kickstarter.com/projects/894090549/support-pole-to-pole-fitness-main-street-expansion?ref=discovery_category_popular
",guest,False,comment_481340340.xml,37.0,True,False,,
189848352,5,0,"https://www.kickstarter.com/projects/189848352/reach-bc-dance-company-premieres-its-about-love?ref=discovery_category_popular
",,,comment_189848352.xml,37.0,True,False,,
585279457,5,0,"https://www.kickstarter.com/projects/585279457/help-fund-venue-for-verve-dance-series-volume-i?ref=discovery_category_popular
",,,comment_585279457.xml,37.0,True,False,,
2128061193,4,0,"https://www.kickstarter.com/projects/2128061193/block-1750-a-community-center?ref=discovery_category_popular
",,,comment_2128061193.xml,37.0,True,False,,
1911950643,4,0,"https://www.kickstarter.com/projects/1911950643/half-and-halves-californias-punjabi-mexican-commun?ref=discovery_category_popular
",,,comment_1911950643.xml,37.0,True,False,,
1959828453,4,0,"https://www.kickstarter.com/projects/1959828453/fuora-dance-project-it-is-time-to-meet-us?ref=discovery_category_popular
",,,comment_1959828453.xml,37.0,True,False,,
1140543784,4,0,"https://www.kickstarter.com/projects/1140543784/the-trees-of-govalle-forklift-danceworks?ref=discovery_category_popular
",,,comment_1140543784.xml,37.0,True,False,,
180695797,4,0,"https://www.kickstarter.com/projects/180695797/enter-the-cave?ref=discovery_category_popular
",,,comment_180695797.xml,37.0,True,False,,
2075593768,4,0,"https://www.kickstarter.com/projects/2075593768/help-lux-performance-arts-find-a-new-home?ref=discovery_category_popular
",,,comment_2075593768.xml,37.0,True,False,,
764091201,4,0,"https://www.kickstarter.com/projects/235504885/me-and-u-childrens-fitness-academy?ref=discovery_category_popular
",guest,False,comment_764091201.xml,37.0,True,False,,
brooklynballet_2,4,0,"https://www.kickstarter.com/projects/brooklynballet/the-brooklyn-nutcracker-at-kings-theatre?ref=discovery_category_popular
",,,comment_brooklynballet_2.xml,37.0,True,False,,
1571646663,4,0,"https://www.kickstarter.com/projects/1571646663/the-farm-to-ballet-project?ref=discovery_category_popular
",,,comment_1571646663.xml,37.0,True,False,,
bendybeastfitness,4,0,"https://www.kickstarter.com/projects/bendybeastfitness/bendy-beast-fitness-building-our-home-for-years-to-come?ref=discovery_category_popular
",,,comment_bendybeastfitness.xml,37.0,True,False,,
zlfl,4,0,"https://www.kickstarter.com/projects/zlfl/kickstartsafe?ref=discovery_category_popular
",,,comment_zlfl.xml,37.0,True,False,,
447327732,4,0,"https://www.kickstarter.com/projects/447327732/seymour-dancecollective-based?ref=discovery_category_popular
",,,comment_447327732.xml,37.0,True,False,,
55788835,3,0,"https://www.kickstarter.com/projects/55788835/201-dance-companys-smother-help-us-get-to-edinburg?ref=discovery_category_popular
",,,comment_55788835.xml,37.0,True,False,,
114953457,3,0,"https://www.kickstarter.com/projects/danzas2019est/danzas-estacionales-seasonal-dances?ref=discovery_category_popular
",guest,False,comment_114953457.xml,37.0,True,False,,
goranajrperformance,3,0,"https://www.kickstarter.com/projects/goranajrperformance/gorana-jr-bulgarian-dance-ensemble-to-perform-in-c?ref=discovery_category_popular
",,,comment_goranajrperformance.xml,37.0,True,False,,
1351042250,3,0,"https://www.kickstarter.com/projects/1351042250/balletlorents-snow-white-young-cast-project?ref=discovery_category_popular
",,,comment_1351042250.xml,37.0,True,False,,
hands-in-glove,3,0,"https://www.kickstarter.com/projects/hands-in-glove/hand-in-glove-a-performed-exhibition-of-costume-an?ref=discovery_category_popular
",,,comment_hands-in-glove.xml,37.0,True,False,,
dtfredericksburg,3,0,"https://www.kickstarter.com/projects/dtfredericksburg/dance-trance-fredericksburg-breaking-ground?ref=discovery_category_popular
",,,comment_dtfredericksburg.xml,37.0,True,False,,
1476172485,3,0,"https://www.kickstarter.com/projects/851629756/pick-a-card-a-burlesque-exploration-of-tarot?ref=discovery_category_popular
",guest,False,comment_1476172485.xml,37.0,True,False,,
vfdance,3,0,"https://www.kickstarter.com/projects/vfdance/nutcracker-in-the-nutshell?ref=discovery_category_popular
",,,comment_vfdance.xml,37.0,True,False,,
911926086,3,0,"https://www.kickstarter.com/projects/911926086/sac-contemporary-dance-theatres-performance-resili?ref=discovery_category_popular
",,,comment_911926086.xml,37.0,True,False,,
kapowdance,3,0,"https://www.kickstarter.com/projects/kapowdance/adrift-kapow-dance-take-a-journey-across-oceans?ref=discovery_category_popular
",,,comment_kapowdance.xml,37.0,True,False,,
602269074,3,0,"https://www.kickstarter.com/projects/602269074/hawaiian-cultural-center-of-hamakua?ref=discovery_category_popular
",,,comment_602269074.xml,37.0,True,False,,
985061899,3,0,"https://www.kickstarter.com/projects/113828112/atlatakeova-convention-the-trilogy-2014-eleven7fou?ref=discovery_category_popular
",guest,False,comment_985061899.xml,37.0,True,False,,
makehistory,3,0,"https://www.kickstarter.com/projects/makehistory/lovefound-by-jon-rua?ref=discovery_category_popular
",,,comment_makehistory.xml,37.0,True,False,,
1551388669,3,0,"https://www.kickstarter.com/projects/1551388669/zephyr-1?ref=discovery_category_popular
",,,comment_1551388669.xml,37.0,True,False,,
1882204438,3,0,"https://www.kickstarter.com/projects/1882204438/west-hollywood-dance-festival-2017?ref=discovery_category_popular
",,,comment_1882204438.xml,37.0,True,False,,
846238793,3,0,"https://www.kickstarter.com/projects/846238793/rise-and-shine?ref=discovery_category_popular
",,,comment_846238793.xml,37.0,True,False,,
davisneves,3,0,"https://www.kickstarter.com/projects/davisneves/improv-dance-company?ref=discovery_category_popular
",,,comment_davisneves.xml,37.0,True,False,,
1928159876,3,0,"https://www.kickstarter.com/projects/1928159876/96b-presents-something-strange-and-beautiful?ref=discovery_category_popular
",,,comment_1928159876.xml,37.0,True,False,,
1694712914,3,0,"https://www.kickstarter.com/projects/1694712914/a-hill-in-natchez-seven-meditations-on-race-and-po?ref=discovery_category_popular
",,,comment_1694712914.xml,37.0,True,False,,
1744416170,3,0,"https://www.kickstarter.com/projects/1744416170/between-here-and-now-a-new-dance-work-by-andee-sco?ref=discovery_category_popular
",,,comment_1744416170.xml,37.0,True,False,,
2106753568,3,0,"https://www.kickstarter.com/projects/2106753568/trampoline-town-dance-and-circus-arts-training?ref=discovery_category_popular
",,,comment_2106753568.xml,37.0,True,False,,
1451045324,3,0,"https://www.kickstarter.com/projects/1451045324/cullenandthem-presents-ydcs-the-family-project?ref=discovery_category_popular
",,,comment_1451045324.xml,37.0,True,False,,
1542426207,2,0,"https://www.kickstarter.com/projects/513979245/ballet-dhommes?ref=discovery_category_popular
",guest,False,comment_1542426207.xml,37.0,True,False,,
1892562014,2,0,"https://www.kickstarter.com/projects/1892562014/dance-in-dialogue-throws-a-big-show?ref=discovery_category_popular
",,,comment_1892562014.xml,37.0,True,False,,
1572665139,2,0,"https://www.kickstarter.com/projects/1572665139/the-rebuilding-of-the-cora-school-for-dance?ref=discovery_category_popular
",,,comment_1572665139.xml,37.0,True,False,,
1280870416,2,0,"https://www.kickstarter.com/projects/1280870416/local-dance-music-and-food-at-leafhouse?ref=discovery_category_popular
",,,comment_1280870416.xml,37.0,True,False,,
1715921646,2,0,"https://www.kickstarter.com/projects/1715921646/the-other-side-10?ref=discovery_category_popular
",,,comment_1715921646.xml,37.0,True,False,,
1569981927,2,0,"https://www.kickstarter.com/projects/1569981927/austin-loren-dance-academy?ref=discovery_category_popular
",,,comment_1569981927.xml,37.0,True,False,,
katypyle,2,0,"https://www.kickstarter.com/projects/katypyle/sleeping-beauty-and-the-beast-a-ballez?ref=discovery_category_popular
",,,comment_katypyle.xml,37.0,True,False,,
1294555991,2,0,"https://www.kickstarter.com/projects/1294555991/stop-who-are-you?ref=discovery_category_popular
",,,comment_1294555991.xml,37.0,True,False,,
1538513553,2,0,"https://www.kickstarter.com/projects/1538513553/camera-obscura-edinburgh-fringe-festival-project?ref=discovery_category_popular
",,,comment_1538513553.xml,37.0,True,False,,
brainpiece,2,0,"https://www.kickstarter.com/projects/brainpiece/the-brain-piece?ref=discovery_category_popular
",,,comment_brainpiece.xml,37.0,True,False,,
764104754,2,0,"https://www.kickstarter.com/projects/764104754/skybox?ref=discovery_category_popular
",,,comment_764104754.xml,37.0,True,False,,
1650866837,2,0,"https://www.kickstarter.com/projects/1650866837/seashells-2018?ref=discovery_category_popular
",,,comment_1650866837.xml,37.0,True,False,,
1817427123,2,0,"https://www.kickstarter.com/projects/1817427123/the-studio-ldg-complex-expansion-for-our-dance-com?ref=discovery_category_popular
",,,comment_1817427123.xml,37.0,True,False,,
elegantuniverseshow,2,0,"https://www.kickstarter.com/projects/elegantuniverseshow/elegant-universe-a-world-dance-spectacular-with-li?ref=discovery_category_popular
",,,comment_elegantuniverseshow.xml,37.0,True,False,,
1660245681,2,0,"https://www.kickstarter.com/projects/1660245681/movema-dance-hub?ref=discovery_category_popular
",,,comment_1660245681.xml,37.0,True,False,,
723719897,2,0,"https://www.kickstarter.com/projects/723719897/gkps-the-gunfighter-meets-his-match-a-musical-danc?ref=discovery_category_popular
",,,comment_723719897.xml,37.0,True,False,,
dancingintherain,2,0,"https://www.kickstarter.com/projects/dancingintherain/dancing-in-the-rain-an-interactive-dance-installme?ref=discovery_category_popular
",,,comment_dancingintherain.xml,37.0,True,False,,
709463649,2,0,"https://www.kickstarter.com/projects/709463649/building-the-chocolate-factorys-permanent-home?ref=discovery_category_popular
",,,comment_709463649.xml,37.0,True,False,,
1856064878,2,0,"https://www.kickstarter.com/projects/1856064878/the-premiere-of-cast-stage-author?ref=discovery_category_popular
",,,comment_1856064878.xml,37.0,True,False,,
74122427,2,0,"https://www.kickstarter.com/projects/250742269/object-premiere-at-the-on-the-boards-festival?ref=discovery_category_popular
",guest,False,comment_74122427.xml,37.0,True,False,,
authorityfigure,2,0,"https://www.kickstarter.com/projects/authorityfigure/authority-figure?ref=discovery_category_popular
",,,comment_authorityfigure.xml,37.0,True,False,,
1464746831,2,0,"https://www.kickstarter.com/projects/1464746831/loom?ref=discovery_category_popular
",,,comment_1464746831.xml,37.0,True,False,,
867435785,2,0,"https://www.kickstarter.com/projects/978743161/best-dance-hall-in-south-central-texas?ref=discovery_category_popular
",guest,False,comment_867435785.xml,37.0,True,False,,
688584477,2,0,"https://www.kickstarter.com/projects/688584477/8th-annual-fakoly-african-dance-and-drum-project?ref=discovery_category_popular
",,,comment_688584477.xml,37.0,True,False,,
freyawest,2,0,"https://www.kickstarter.com/projects/freyawest/delinquent-debutantes-nashvilles-first-burlesque-s?ref=discovery_category_popular
",,,comment_freyawest.xml,37.0,True,False,,
839521022,2,0,"https://www.kickstarter.com/projects/839521022/from-the-ground-up-2?ref=discovery_category_popular
",,,comment_839521022.xml,37.0,True,False,,
crdancecompany,2,0,"https://www.kickstarter.com/projects/crdancecompany/labir-into?ref=discovery_category_popular
",,,comment_crdancecompany.xml,37.0,True,False,,
hiponymous,2,0,"https://www.kickstarter.com/projects/hiponymous/state-of-the-moon-address?ref=discovery_category_popular
",,,comment_hiponymous.xml,37.0,True,False,,
803655723,2,0,"https://www.kickstarter.com/projects/803655723/whose-island?ref=discovery_category_popular
",,,comment_803655723.xml,37.0,True,False,,
londoncapoeira,2,0,"https://www.kickstarter.com/projects/londoncapoeira/london-school-of-capoeira-lsc-turns-30?ref=discovery_category_popular
",,,comment_londoncapoeira.xml,37.0,True,False,,
527389148,2,0,"https://www.kickstarter.com/projects/527389148/help-us-soundproof-pop-redondo-turndownforwhat?ref=discovery_category_popular
",,,comment_527389148.xml,37.0,True,False,,
2051426844,2,0,"https://www.kickstarter.com/projects/2051426844/tokyothecompany-presents-where-it-began?ref=discovery_category_popular
",,,comment_2051426844.xml,37.0,True,False,,
441255764,2,0,"https://www.kickstarter.com/projects/441255764/cinderella-the-new-alaskan-ballet?ref=discovery_category_popular
",,,comment_441255764.xml,37.0,True,False,,
travisbrace,2,0,"https://www.kickstarter.com/projects/travisbrace/views-from-the-11216?ref=discovery_category_popular
",,,comment_travisbrace.xml,37.0,True,False,,
2012507233,2,0,"https://www.kickstarter.com/projects/2012507233/next-generation-like-no-other-ballet-class-cd?ref=discovery_category_popular
",,,comment_2012507233.xml,37.0,True,False,,
tyreer,2,0,"https://www.kickstarter.com/projects/tyreer/tyree-robert-to-danceweb-and-back?ref=discovery_category_popular
",,,comment_tyreer.xml,37.0,True,False,,
1086281003,2,0,"https://www.kickstarter.com/projects/1086281003/hopelessly-devoted-a-burlesque-singalong-tribute-t?ref=discovery_category_popular
",,,comment_1086281003.xml,37.0,True,False,,
484742119,2,0,"https://www.kickstarter.com/projects/484742119/a-dance-studio-in-grants-pass?ref=discovery_category_popular
",,,comment_484742119.xml,37.0,True,False,,
108217956,2,0,"https://www.kickstarter.com/projects/108217956/sytera-yoga-studio-opening-in-mclean?ref=discovery_category_popular
",,,comment_108217956.xml,37.0,True,False,,
218518479,2,0,"https://www.kickstarter.com/projects/218518479/patient-history-a-movement-memoire?ref=discovery_category_popular
",,,comment_218518479.xml,37.0,True,False,,
sagehorsey,2,0,"https://www.kickstarter.com/projects/sagehorsey/sore-bones-national-tour?ref=discovery_category_popular
",,,comment_sagehorsey.xml,37.0,True,False,,
1975580852,2,0,"https://www.kickstarter.com/projects/1975580852/the-body-discourse-project?ref=discovery_category_popular
",,,comment_1975580852.xml,37.0,True,False,,
602234140,2,0,"https://www.kickstarter.com/projects/602234140/ankusha?ref=discovery_category_popular
",,,comment_602234140.xml,37.0,True,False,,
movingethosdance,2,0,"https://www.kickstarter.com/projects/movingethosdance/moving-ethos-dance-as-we-fall?ref=discovery_category_popular
",,,comment_movingethosdance.xml,37.0,True,False,,
342840608,2,0,"https://www.kickstarter.com/projects/342840608/nocturne-an-evolving-dance-work-by-ashwini-ramaswa?ref=discovery_category_popular
",,,comment_342840608.xml,37.0,True,False,,
1195802801,2,0,"https://www.kickstarter.com/projects/1195802801/dancing-in-the-rain?ref=discovery_category_popular
",,,comment_1195802801.xml,37.0,True,False,,
631398763,2,0,"https://www.kickstarter.com/projects/631398763/lukas-mcfarlane-presents-untitled-in-exposed?ref=discovery_category_popular
",,,comment_631398763.xml,37.0,True,False,,
401309970,1,0,"https://www.kickstarter.com/projects/401309970/block-universe-performance-art-festival-london?ref=discovery_category_popular
",,,comment_401309970.xml,37.0,True,False,,
837943732,1,0,"https://www.kickstarter.com/projects/837943732/immaculate-trait-the-central-valley-dance-center?ref=discovery_category_popular
",,,comment_837943732.xml,37.0,True,False,,
1679073320,1,0,"https://www.kickstarter.com/projects/1679073320/tricyclic?ref=discovery_category_popular
",,,comment_1679073320.xml,37.0,True,False,,
340443149,1,0,"https://www.kickstarter.com/projects/340443149/a-real-winner-incubator-project-at-motion-pacific?ref=discovery_category_popular
",,,comment_340443149.xml,37.0,True,False,,
476069690,1,0,"https://www.kickstarter.com/projects/476069690/regenerations?ref=discovery_category_popular
",,,comment_476069690.xml,37.0,True,False,,
826155269,1,0,"https://www.kickstarter.com/projects/826155269/10027-dances-for-a-variable-population?ref=discovery_category_popular
",,,comment_826155269.xml,37.0,True,False,,
470749199,1,0,"https://www.kickstarter.com/projects/826436073/reduxnut-cracker?ref=discovery_category_popular
",guest,False,comment_470749199.xml,37.0,True,False,,
233723049,1,0,"https://www.kickstarter.com/projects/901910984/apoya-a-team-djs?ref=discovery_category_popular
",guest,False,comment_233723049.xml,37.0,True,False,,
228348930,1,0,"https://www.kickstarter.com/projects/hackballet/2014-big-dance-tour?ref=discovery_category_popular
",guest,False,comment_228348930.xml,37.0,True,False,,
1549591251,1,0,"https://www.kickstarter.com/projects/1549591251/uso-spectacular?ref=discovery_category_popular
",,,comment_1549591251.xml,37.0,True,False,,
47371697,1,0,"https://www.kickstarter.com/projects/689405817/broke-the-floor?ref=discovery_category_popular
",guest,False,comment_47371697.xml,37.0,True,False,,
375490547,1,0,"https://www.kickstarter.com/projects/375490547/a-journey-home-sirens-dance-goes-back-to-bollywood?ref=discovery_category_popular
",,,comment_375490547.xml,37.0,True,False,,
379876815,1,0,"https://www.kickstarter.com/projects/379876815/molly-shanahan-mad-shak-is-almost-25?ref=discovery_category_popular
",,,comment_379876815.xml,37.0,True,False,,
81710669,1,0,"https://www.kickstarter.com/projects/740019305/operation-reopen-metro?ref=discovery_category_popular
",guest,False,comment_81710669.xml,37.0,True,False,,
81154758,1,0,"https://www.kickstarter.com/projects/81154758/t-time-danza-y-lowbrow-art?ref=discovery_category_popular
",,,comment_81154758.xml,37.0,True,False,,
424216907,1,0,"https://www.kickstarter.com/projects/424216907/things-that-need-to-be-done?ref=discovery_category_popular
",,,comment_424216907.xml,37.0,True,False,,
933685493,1,0,"https://www.kickstarter.com/projects/933685493/the-big-move-final-steps?ref=discovery_category_popular
",,,comment_933685493.xml,37.0,True,False,,
453071616,1,0,"https://www.kickstarter.com/projects/453071616/a-sprung-floor-for-thread-city-classical-dance?ref=discovery_category_popular
",,,comment_453071616.xml,37.0,True,False,,
160889673,1,0,"https://www.kickstarter.com/projects/2116501028/unknown-origins?ref=discovery_category_popular
",guest,False,comment_160889673.xml,37.0,True,False,,
916051555,1,0,"https://www.kickstarter.com/projects/916051555/suemo-a-dance-experience?ref=discovery_category_popular
",,,comment_916051555.xml,37.0,True,False,,
414507394,1,0,"https://www.kickstarter.com/projects/karendecker/feel-fit-feel-good-again-after-hurricane-harvey-de?ref=discovery_category_popular
",guest,False,comment_414507394.xml,37.0,True,False,,
301734406,1,0,"https://www.kickstarter.com/projects/301734406/inside-out-side-in-an-evening-of-contemporary-danc?ref=discovery_category_popular
",,,comment_301734406.xml,37.0,True,False,,
255606655,1,0,"https://www.kickstarter.com/projects/tslqep/antes-de-que-todos-lo-sepan?ref=discovery_category_popular
",guest,False,comment_255606655.xml,37.0,True,False,,
888364618,1,0,"https://www.kickstarter.com/projects/216135142/the-llama-dance?ref=discovery_category_popular
",guest,False,comment_888364618.xml,37.0,True,False,,
1613366929,1,0,"https://www.kickstarter.com/projects/1613366929/austin-dances-in-scotland?ref=discovery_category_popular
",,,comment_1613366929.xml,37.0,True,False,,
908733603,1,0,"https://www.kickstarter.com/projects/908733603/coloratura?ref=discovery_category_popular
",,,comment_908733603.xml,37.0,True,False,,
894817966,1,0,"https://www.kickstarter.com/projects/894817966/the-hidden-truth?ref=discovery_category_popular
",,,comment_894817966.xml,37.0,True,False,,
413488089,1,0,"https://www.kickstarter.com/projects/413488089/delineation-dances-full-company-debut?ref=discovery_category_popular
",,,comment_413488089.xml,37.0,True,False,,
171919282,1,0,"https://www.kickstarter.com/projects/171919282/griffindance-presents-current-reality-all-over-aga?ref=discovery_category_popular
",,,comment_171919282.xml,37.0,True,False,,
866440057,1,0,"https://www.kickstarter.com/projects/464684874/the-sweatcube-challenge?ref=discovery_category_popular
",guest,False,comment_866440057.xml,37.0,True,False,,
28355548,1,0,"https://www.kickstarter.com/projects/28355548/invisible?ref=discovery_category_popular
",,,comment_28355548.xml,37.0,True,False,,
280194246,1,0,"https://www.kickstarter.com/projects/1955939414/my-lifemy-dance?ref=discovery_category_popular
",guest,False,comment_280194246.xml,37.0,True,False,,
1657022247,1,0,"https://www.kickstarter.com/projects/1657022247/zero-an-immersive-dance-production-merging-physics?ref=discovery_category_popular
",,,comment_1657022247.xml,37.0,True,False,,
264790802,1,0,"https://www.kickstarter.com/projects/264790802/an-all-night-peformance-with-emily-johnson?ref=discovery_category_popular
",,,comment_264790802.xml,37.0,True,False,,
411336770,1,0,"https://www.kickstarter.com/projects/96468604/the-house-of-om-barefoot-wild-and-free?ref=discovery_category_popular
",guest,False,comment_411336770.xml,37.0,True,False,,
450130205,1,0,"https://www.kickstarter.com/projects/450130205/liberty-bars-last-hurrah-april-22nd?ref=discovery_category_popular
",,,comment_450130205.xml,37.0,True,False,,
894864738,1,0,"https://www.kickstarter.com/projects/2135628743/savor?ref=discovery_category_popular
",guest,False,comment_894864738.xml,37.0,True,False,,
2108162433,1,0,"https://www.kickstarter.com/projects/1033452286/water-stories-2016-space-sound-motion-thread?ref=discovery_category_popular
",guest,False,comment_2108162433.xml,37.0,True,False,,
1719431355,1,0,"https://www.kickstarter.com/projects/1719431355/thesteadfastdiamondmovement?ref=discovery_category_popular
",,,comment_1719431355.xml,37.0,True,False,,
1867632237,1,0,"https://www.kickstarter.com/projects/366479167/revamp-illumination-dance-studio?ref=discovery_category_popular
",guest,False,comment_1867632237.xml,37.0,True,False,,
1869710723,1,0,"https://www.kickstarter.com/projects/1869710723/agape-dance-collective?ref=discovery_category_popular
",,,comment_1869710723.xml,37.0,True,False,,
68146634,1,0,"https://www.kickstarter.com/projects/68146634/alchemy-tap-project?ref=discovery_category_popular
",,,comment_68146634.xml,37.0,True,False,,
2000822834,1,0,"https://www.kickstarter.com/projects/2000822834/dracula-mina-a-ballet?ref=discovery_category_popular
",,,comment_2000822834.xml,37.0,True,False,,
692969642,1,0,"https://www.kickstarter.com/projects/692969642/hex-0?ref=discovery_category_popular
",,,comment_692969642.xml,37.0,True,False,,
701844211,1,0,"https://www.kickstarter.com/projects/701844211/island-flow-yoga-hawaii-kailua-studio?ref=discovery_category_popular
",,,comment_701844211.xml,37.0,True,False,,
1984284106,1,0,"https://www.kickstarter.com/projects/1984284106/golden-dance-experiment-season-3-projects-and-perf?ref=discovery_category_popular
",,,comment_1984284106.xml,37.0,True,False,,
2017973130,1,0,"https://www.kickstarter.com/projects/810956878/mis-me-fit-apparel-fashion-for-the-arts-and-above?ref=discovery_category_popular
",guest,False,comment_2017973130.xml,37.0,True,False,,
1933193291,1,0,"https://www.kickstarter.com/projects/1909859182/goddesses-of-dance-pole-dancing-studio?ref=discovery_category_popular
",guest,False,comment_1933193291.xml,37.0,True,False,,
1917003235,1,0,"https://www.kickstarter.com/projects/1917003235/the-reconciliation-of-magic-sarap-phase-i-philippi?ref=discovery_category_popular
",,,comment_1917003235.xml,37.0,True,False,,
645207763,1,0,"https://www.kickstarter.com/projects/380515591/the-night-before-christmas-ballet-production?ref=discovery_category_popular
",guest,False,comment_645207763.xml,37.0,True,False,,
190170821,1,0,"https://www.kickstarter.com/projects/190170821/impulse-dance-center-in-madison-al?ref=discovery_category_popular
",,,comment_190170821.xml,37.0,True,False,,
661518712,1,0,"https://www.kickstarter.com/projects/661518712/helga-and-the-three-sailors?ref=discovery_category_popular
",,,comment_661518712.xml,37.0,True,False,,
597485967,1,0,"https://www.kickstarter.com/projects/597485967/use-your-head-help-launch-a-new-dance-work-in-berl?ref=discovery_category_popular
",,,comment_597485967.xml,37.0,True,False,,
54312284,1,0,"https://www.kickstarter.com/projects/54312284/emerge-vcu-dance-fall-senior-projects-2016?ref=discovery_category_popular
",,,comment_54312284.xml,37.0,True,False,,
755610109,1,0,"https://www.kickstarter.com/projects/755610109/the-thief-the-fox-and-the-phoenix?ref=discovery_category_popular
",,,comment_755610109.xml,37.0,True,False,,
2101738593,1,0,"https://www.kickstarter.com/projects/asyetunknown/as-yet-unknown?ref=discovery_category_popular
",guest,False,comment_2101738593.xml,37.0,True,False,,
486893664,1,0,"https://www.kickstarter.com/projects/486893664/clean-labor?ref=discovery_category_popular
",,,comment_486893664.xml,37.0,True,False,,
1773409967,1,0,"https://www.kickstarter.com/projects/1773409967/brazilian-folkloric-dance-sarau-capoeira-mandinga?ref=discovery_category_popular
",,,comment_1773409967.xml,37.0,True,False,,
2083041614,1,0,"https://www.kickstarter.com/projects/2083041614/restless-pillow?ref=discovery_category_popular
",,,comment_2083041614.xml,37.0,True,False,,
1760228426,1,0,"https://www.kickstarter.com/projects/1760228426/the-hot-rhythm-holiday?ref=discovery_category_popular
",,,comment_1760228426.xml,37.0,True,False,,
1758382622,1,0,"https://www.kickstarter.com/projects/1758382622/production-and-performance-the-loneliest-part-of-h?ref=discovery_category_popular
",,,comment_1758382622.xml,37.0,True,False,,
486014504,1,0,"https://www.kickstarter.com/projects/486014504/the-deluge-rural-dance-tour?ref=discovery_category_popular
",,,comment_486014504.xml,37.0,True,False,,
1746007506,1,0,"https://www.kickstarter.com/projects/1159664568/parkour-in-himalaya-nepal?ref=discovery_category_popular
",guest,False,comment_1746007506.xml,37.0,True,False,,
1745019002,1,0,"https://www.kickstarter.com/projects/1745019002/humanimals-at-play-the-unknown?ref=discovery_category_popular
",,,comment_1745019002.xml,37.0,True,False,,
2089696575,1,0,"https://www.kickstarter.com/projects/1479614505/rpm-productions-day-of-the-gypsy?ref=discovery_category_popular
",guest,False,comment_2089696575.xml,37.0,True,False,,
1825505450,1,0,"https://www.kickstarter.com/projects/421124315/gracefullyreachingabsentboundaries-thegrab-dance-s?ref=discovery_category_popular
",guest,False,comment_1825505450.xml,37.0,True,False,,
1840166913,1,0,"https://www.kickstarter.com/projects/1326913812/ohm-a-new-all-hours-art-and-music-co-op-in-central?ref=discovery_category_popular
",guest,False,comment_1840166913.xml,37.0,True,False,,
1838850679,1,0,"https://www.kickstarter.com/projects/1838850679/the-goodbye-studies-tere-oconnor?ref=discovery_category_popular
",,,comment_1838850679.xml,37.0,True,False,,
1829733026,1,0,"https://www.kickstarter.com/projects/1829733026/the-swan-a-serial-killer-ballet?ref=discovery_category_popular
",,,comment_1829733026.xml,37.0,True,False,,
1827243572,1,0,"https://www.kickstarter.com/projects/1751399208/the-vaudettes-tee-shirt-pre-order?ref=discovery_category_popular
",guest,False,comment_1827243572.xml,37.0,True,False,,
1807225479,1,0,"https://www.kickstarter.com/projects/1807225479/virago-a-tale-of-social-injustice-help-us-get-to-e?ref=discovery_category_popular
",,,comment_1807225479.xml,37.0,True,False,,
52954744,1,0,"https://www.kickstarter.com/projects/52954744/identity4?ref=discovery_category_popular
",,,comment_52954744.xml,37.0,True,False,,
526687173,1,0,"https://www.kickstarter.com/projects/526687173/nicaragua-to-new-england-performing-arts-tour?ref=discovery_category_popular
",,,comment_526687173.xml,37.0,True,False,,
2060494869,1,0,"https://www.kickstarter.com/projects/2060494869/womens-choreography-project-2016?ref=discovery_category_popular
",,,comment_2060494869.xml,37.0,True,False,,
180847316,1,0,"https://www.kickstarter.com/projects/180847316/cyphers?ref=discovery_category_popular
",,,comment_180847316.xml,37.0,True,False,,
2064897330,1,0,"https://www.kickstarter.com/projects/2064897330/solid-gold-yogi?ref=discovery_category_popular
",,,comment_2064897330.xml,37.0,True,False,,
363792002,1,0,"https://www.kickstarter.com/projects/1323548140/volver-a-empezar?ref=discovery_category_popular
",guest,False,comment_363792002.xml,37.0,True,False,,
1414246157,1,0,"https://www.kickstarter.com/projects/1414246157/irene-a-burlesque-review?ref=discovery_category_popular
",,,comment_1414246157.xml,37.0,True,False,,
1118570363,1,0,"https://www.kickstarter.com/projects/lepatinlibre/contemporary-ice-skating-show-at-the-edinburgh-fri?ref=discovery_category_popular
",guest,False,comment_1118570363.xml,37.0,True,False,,
1117126320,1,0,"https://www.kickstarter.com/projects/wanderlustdance4/wanderlust-dance-project-iv?ref=discovery_category_popular
",guest,False,comment_1117126320.xml,37.0,True,False,,
shalommarie,1,0,"https://www.kickstarter.com/projects/shalommarie/help-me-share-sacred-aerial-dance-with-gratifly-fe?ref=discovery_category_popular
",,,comment_shalommarie.xml,37.0,True,False,,
1420040497,1,0,"https://www.kickstarter.com/projects/723826382/sport-fur-integration-und-vereine?ref=discovery_category_popular
",guest,False,comment_1420040497.xml,37.0,True,False,,
sodersdansbana,1,0,"https://www.kickstarter.com/projects/sodersdansbana/hjalp-oss-forbattra-dansbanan-infor-sommaren-2018?ref=discovery_category_popular
",,,comment_sodersdansbana.xml,37.0,True,False,,
soundwalks,1,0,"https://www.kickstarter.com/projects/soundwalks/sleepwalks-the-body-of-dreams?ref=discovery_category_popular
",,,comment_soundwalks.xml,37.0,True,False,,
brandoncroisetiere,1,0,"https://www.kickstarter.com/projects/brandoncroisetiere/ace-awards-2020?ref=discovery_category_popular
",,,comment_brandoncroisetiere.xml,37.0,True,False,,
tableofsilence2019,1,0,"https://www.kickstarter.com/projects/tableofsilence2019/9-11-tribute-table-of-silence-project-2015?ref=discovery_category_popular
",,,comment_tableofsilence2019.xml,37.0,True,False,,
tableofsilence2019_1,1,0,"https://www.kickstarter.com/projects/tableofsilence2019/2014-the-table-of-silence-project-9-11?ref=discovery_category_popular
",,,comment_tableofsilence2019_1.xml,37.0,True,False,,
ayanoelson,1,0,"https://www.kickstarter.com/projects/ayanoelson/name-is-yoko-by-ayano-elson?ref=discovery_category_popular
",,,comment_ayanoelson.xml,37.0,True,False,,
1073325885,1,0,"https://www.kickstarter.com/projects/1073325885/in-between-the-seams-healing-through-connection-an?ref=discovery_category_popular
",,,comment_1073325885.xml,37.0,True,False,,
ambodancetheatre,1,0,"https://www.kickstarter.com/projects/ambodancetheatre/ambo-dance-theatre-attending-brighton-dance-festival?ref=discovery_category_popular
",,,comment_ambodancetheatre.xml,37.0,True,False,,
thedancesareforus,1,0,"https://www.kickstarter.com/projects/thedancesareforus/the-dances-are-for-us?ref=discovery_category_popular
",,,comment_thedancesareforus.xml,37.0,True,False,,
aerialhaven,1,0,"https://www.kickstarter.com/projects/aerialhaven/aerial-haven-aerial-studio?ref=discovery_category_popular
",,,comment_aerialhaven.xml,37.0,True,False,,
riseupdanceshow,1,0,"https://www.kickstarter.com/projects/riseupdanceshow/rise-up-2017-christian-dance-showcase?ref=discovery_category_popular
",,,comment_riseupdanceshow.xml,37.0,True,False,,
thomasortizdance,1,0,"https://www.kickstarter.com/projects/thomasortizdance/thomas-ortiz-celebrates-over-10-yrs-of-creating-da?ref=discovery_category_popular
",,,comment_thomasortizdance.xml,37.0,True,False,,
macombballet,1,0,"https://www.kickstarter.com/projects/macombballet/macomb-ballet-costuming-fund?ref=discovery_category_popular
",,,comment_macombballet.xml,37.0,True,False,,
1227260975,1,0,"https://www.kickstarter.com/projects/cheersd/using-cheer-to-build-better-women-small-gym-big-he?ref=discovery_category_popular
",guest,False,comment_1227260975.xml,37.0,True,False,,
keeplunasinspired,1,0,"https://www.kickstarter.com/projects/keeplunasinspired/of-myths-perspectives-and-transformations?ref=discovery_category_popular
",,,comment_keeplunasinspired.xml,37.0,True,False,,
mawuontour,1,0,"https://www.kickstarter.com/projects/mawuontour/mawu-cia-aina-lanas-on-tour?ref=discovery_category_popular
",,,comment_mawuontour.xml,37.0,True,False,,
1218405253,1,0,"https://www.kickstarter.com/projects/1218405253/april-sellers-dance-collective-three-city-tour?ref=discovery_category_popular
",,,comment_1218405253.xml,37.0,True,False,,
idagenerations,1,0,"https://www.kickstarter.com/projects/idagenerations/generations-a-benefit-dance-concert?ref=discovery_category_popular
",,,comment_idagenerations.xml,37.0,True,False,,
heartsongyoga,1,0,"https://www.kickstarter.com/projects/heartsongyoga/heartsong-yoga-studio-a-faith-based-practice?ref=discovery_category_popular
",,,comment_heartsongyoga.xml,37.0,True,False,,
feath3r,1,0,"https://www.kickstarter.com/projects/feath3r/andy-warhols-15-color-me-warhol?ref=discovery_category_popular
",,,comment_feath3r.xml,37.0,True,False,,
1344406806,1,0,"https://www.kickstarter.com/projects/1344406806/cid-pearlman-and-economies-of-effort-in-california?ref=discovery_category_popular
",,,comment_1344406806.xml,37.0,True,False,,
oxmala,1,0,"https://www.kickstarter.com/projects/oxmala/person-a?ref=discovery_category_popular
",,,comment_oxmala.xml,37.0,True,False,,
diversespaceyouth,1,0,"https://www.kickstarter.com/projects/diversespaceyouth/a-sprung-floor-for-safe-training-at-dsydts-home-ad?ref=discovery_category_popular
",,,comment_diversespaceyouth.xml,37.0,True,False,,
1376340075,1,0,"https://www.kickstarter.com/projects/hipoperationcrew/bronx-or-bust-the-hip-op-eration-crew?ref=discovery_category_popular
",guest,False,comment_1376340075.xml,37.0,True,False,,
rawdancesf,1,0,"https://www.kickstarter.com/projects/rawdancesf/double-exposure?ref=discovery_category_popular
",,,comment_rawdancesf.xml,37.0,True,False,,
rebirthnetwork,1,0,"https://www.kickstarter.com/projects/rebirthnetwork/2020-an-evening-with-the-rebirth-network?ref=discovery_category_popular
",,,comment_rebirthnetwork.xml,37.0,True,False,,
1483926931,1,0,"https://www.kickstarter.com/projects/519942167/number-zero-a-space-opera-we-need-you?ref=discovery_category_popular
",guest,False,comment_1483926931.xml,37.0,True,False,,
1248689955,1,0,"https://www.kickstarter.com/projects/1248689955/danceacostia-festival-0?ref=discovery_category_popular
",,,comment_1248689955.xml,37.0,True,False,,
1492415422,1,0,"https://www.kickstarter.com/projects/1492415422/cantan-los-fuegos-the-fires-sing?ref=discovery_category_popular
",,,comment_1492415422.xml,37.0,True,False,,
1520966739,1,0,"https://www.kickstarter.com/projects/1520966739/roktim-women-love-sustainability-dance?ref=discovery_category_popular
",,,comment_1520966739.xml,37.0,True,False,,
1517771394,1,0,"https://www.kickstarter.com/projects/1517771394/ruddur-dance-goes-to-africa?ref=discovery_category_popular
",,,comment_1517771394.xml,37.0,True,False,,
urbanitydance,1,0,"https://www.kickstarter.com/projects/urbanitydance/urbanity-dance-building-a-home?ref=discovery_category_popular
",,,comment_urbanitydance.xml,37.0,True,False,,
996727930,1,0,"https://www.kickstarter.com/projects/996727930/help-us-to-higher-heights?ref=discovery_category_popular
",,,comment_996727930.xml,37.0,True,False,,
1025289849,1,0,"https://www.kickstarter.com/projects/dancesensei/swivel-and-swirl-dance-lounge?ref=discovery_category_popular
",guest,False,comment_1025289849.xml,37.0,True,False,,
999790765,1,0,"https://www.kickstarter.com/projects/999790765/fairytales-and-other-lies-we-tell-our-daughters-fundraiser?ref=discovery_category_popular
",,,comment_999790765.xml,37.0,True,False,,
